<?xml version="1.0" encoding="UTF-8"?>
<project-private xmlns="http://www.netbeans.org/ns/project-private/1">
    <editor-bookmarks xmlns="http://www.netbeans.org/ns/editor-bookmarks/2" lastBookmarkId="0"/>
    <open-files xmlns="http://www.netbeans.org/ns/projectui-open-files/2">
        <group name="SMI-PHP-2017-2018"/>
        <group name="Exemplos-PHP">
            <file>file:/C:/Users/cgonc/Documents/Aulas/UCs/Bolonha/LEIM/SMI/2019-2020-SV-(cajo)/Exemplos/PHP/02-Email/debug.inc</file>
        </group>
    </open-files>
</project-private>
